id,name,longitude,latitude
museo_archeologico,Museo Archeologico,11.344317925246633,44.492907377216
piazza_unita,Piazza Dell'Unita',11.347095551842576,44.51146165088361
certosa,Certosa,11.307060780642725,44.496582005814055
serre_giardini_margherita,Le Serre dei Giardini Margherita,11.34918685728514,44.48327710584824
piazza_san_francesco,Piazza San Francesco,11.334972379366,44.49496055460151
biblioteca_casa_khaoula,Biblioteca Casa di Khaoula,11.34762433889239,44.52005878008443
piazza_8_agosto,Piazza 8 Agosto,11.34527686440958,44.50027943650601
quartiere_san_donato,Quartiere San Donato,11.367392710090371,44.50459666027341
centro_studi_cabral,Centro Studi Amilcar Cabral,11.33955685469799,44.484257625677024
polizia_minucipale,Polizia Municipale,11.390647443148671,44.50355993301129
piazza_porta_ravegnana,Piazza Porta Ravegnana,11.346786132701961,44.4942259928551
museo_tappezzeria,Museo della Tappezzeria,11.315258504368558,44.48793845172337
parco_11_settembre,Parco 11 Settembre 2001,11.33658934486044,44.50012185840865
sede_quartiere_saragozza,Sede del Quartiere Saragozza,11.33118420388445,44.49473482787063
laboratorio_interculturale,Biblioteca del Laboratorio Interculturale,11.334050593880528,44.4923245617229
piazza_pasolini_lumiere,Piazza Pasolini / Lumiere,11.334766886590288,44.502403722367106
cineteca_archivi,Cineteca Archivi,11.389976453444145,44.50454108042767
sportello_porto_saragozza,Sportello Sociale Porto Saragozza,11.330591933200418,44.49743898853058
piazza_aldrovandi,Piazza Aldrovandi,11.351772647464196,44.493514395619975
portico_pavaglione,Portico del Pavaglione,11.343554321642664,44.49277258177935
velostazione,Velostazione,11.345568423884524,44.50352386626166
parco_zucca,Parco della Zucca,11.350633924100899,44.51289217630053
biblioteca_tassinari,Biblioteca Tassinari (Villa Spada),11.315077862364939,44.48711563513905
stadio,Stadio,11.309684973790153,44.49237798941952
torre_orologio,Torre dell'Orologio,11.342030493697278,44.49363299381554
biblioteca_ruffilli,Biblioteca Ruffilli,11.354926937578657,44.49379360311267
autostazione,Autostazione,11.346413471395405,44.50412233071955
aeroporto,Aeroporto,11.294601664891024,44.52836376711832
cineteca,Cineteca,11.336904443406464,44.49891741678237
ateliersaperi,Atelier dei Saperi,11.366440147791629,44.496061169138635
poliambulatorio_pilastro,Poliambulatorio Pilastro,11.389375799301899,44.512949920002974
artigiano,Comune di Bologna - Artigiano,11.367334801846928,44.50274841761949
quartiere_savena,Quartiere Savena,11.389659092242418,44.473548759415905
museo_per_la_memoria,Museo per la Memoria di Ustica,11.351056616136248,44.51326745817074
sala_centofiori,Sala Centofiori,11.35990829854188,44.546273268328655
piazza_galileo_galilei,Piazza Galileo Galilei,11.3407440252421,44.49334026452536
piazza_verdi,Piazza Verdi,11.350683736069605,44.49624149011274
archivio_storico,Archivio Storico Comunale,11.36173097716811,44.501697151666704
giardino_lavinia_fontana,Giardino Lavinia Fontana,11.355645424287196,44.48809517552899
giardino_vittime_macinella,Giardino Vittime di Marcinelle e Caduti,11.367729464838469,44.50500806480565
rimesse,Rimesse,11.373160257437307,44.494264502223714
dumbo,Dumbo,11.325935453367027,44.50535134807505
portici_santo_stefano,Portici Piazza Santo Stefano,11.348214023424926,44.4923724938828
mambo,Mambo,11.33683360818396,44.50257695055724
parco_cavaticcio,Parco del Cavaticcio,11.335924318560533,44.50261558056925
casteldebole_giardini,Giardino Sorelle Mirabal,11.276619859402423,44.50253212720367
museo_patrimonio_industriale,Museo del Patrimonio Industriale,11.33453154568292,44.52185116940013
museo_civico_medievale,Museo Civico Medievale,11.342158706616681,44.49633487816838
portici_san_luca,Portici San Luca,11.310793464002822,44.49002124816221
comune_liber_paradisus,Comune / Piazza Liber Paradisus,11.340078869439344,44.50963022646414
quartiere_reno,Quartiere Reno,11.296666972106967,44.502170876800726
piazza_malpighi,Piazza Malpighi,11.336354718343932,44.494051038094796
pubblica_assistenza,Pubblica Assistenza Citta' di Bologna,11.383647893083001,44.49688238272082
biblioteca_natalia_ginzburg,Biblioteca Natalia Ginzburg,11.391702427962384,44.47411627490949
salaborsa,Biblioteca Salaborsa,11.34190051712521,44.494670263442316
palazzo_accursio,Palazzo D'Accursio,11.341797312105145,44.494189630319596
piazza_galvani_archiginnasio,Piazza Galvani / Archiginnasio,11.343575024054044,44.49159441036996
museo_musica,Museo della Musica,11.350320867805817,44.49286727626905
quartiere_borgo,Quartiere Borgo Panigale,11.279163670955871,44.51715386515034
casa_carducci,Casa Carducci,11.357189683658326,44.48793199445139
borgo_panigale_biblioteca,Biblioteca Borgo Panigale,11.265670638184051,44.52280679104457
mercato_via_albani,Mercato di Via Albani,11.34402582275058,44.510272660753174
archiginnasio,Archiginnasio,11.343736052819256,44.492084218142104
mercato_san_donato,Mercato San Donato,11.362214860040977,44.50201910803576
polizia_municipale_lombardia,Polizia Municipale Via Lombardia,11.380734611561703,44.475041518877816
poliambulatorio_zanolini,Poliambulatorio Zanolini,11.357455161993055,44.49484089990392
casa_gialla,Casa Gialla,11.393719182005707,44.511272044800684
stazione_piazza_med_oro,Stazione / Piazza Medaglie D'Oro,11.343236115621353,44.50522439397164
giardini_margherita,Giardini Margherita,11.352924327935487,44.48310495437518
quartiere_porto_bibl_borges,Quartiere Porto / Biblioteca Borges,11.329093689479468,44.50224882527717
giardino_lennon_parker,Giardino Parker - Lennon,11.357721592278907,44.50388698316799
quartiere_navile,Quartiere Navile,11.329479223221583,44.51883731169992
piazza_maggiore_podesta,Piazza Maggiore / Podesta',11.343076044345585,44.494053409105085
santostefano,Quartiere Santo Stefano,11.354555150931915,44.48530398061519
biblioteca_spina,Biblioteca Spina,11.394655103500526,44.5111220826962
bassa_soglia,Servizio Bassa Soglia,11.346106360310804,44.50975850467694
