Tipologia_API,Zona,Data,Valore
loginCountZone,OWM Zona9,2026-09-16 02:00:00+02:00,257
loginCountZone,OWM Zona8,2026-09-16 02:00:00+02:00,251
loginCountZone,OWM Zona7,2026-09-16 02:00:00+02:00,159
loginCountZone,OWM Zona6,2026-09-16 02:00:00+02:00,161
loginCountZone,OWM Zona5,2026-09-16 02:00:00+02:00,191
loginCountZone,OWM Zona4,2026-09-16 02:00:00+02:00,285
loginCountZone,OWM Zona3,2026-09-16 02:00:00+02:00,503
loginCountZone,OWM Zona2,2026-09-16 02:00:00+02:00,299
loginCountZone,OWM Zona1,2026-09-16 02:00:00+02:00,651
loginCountZone,OWM Zona9,2026-09-15 02:00:00+02:00,251
loginCountZone,OWM Zona8,2026-09-15 02:00:00+02:00,279
loginCountZone,OWM Zona7,2026-09-15 02:00:00+02:00,138
loginCountZone,OWM Zona6,2026-09-15 02:00:00+02:00,142
loginCountZone,OWM Zona5,2026-09-15 02:00:00+02:00,204
loginCountZone,OWM Zona4,2026-09-15 02:00:00+02:00,289
loginCountZone,OWM Zona3,2026-09-15 02:00:00+02:00,509
loginCountZone,OWM Zona2,2026-09-15 02:00:00+02:00,267
loginCountZone,OWM Zona1,2026-09-15 02:00:00+02:00,656
loginCountZone,OWM Zona9,2026-09-14 02:00:00+02:00,255
loginCountZone,OWM Zona8,2026-09-14 02:00:00+02:00,278
loginCountZone,OWM Zona7,2026-09-14 02:00:00+02:00,147
loginCountZone,OWM Zona6,2026-09-14 02:00:00+02:00,117
loginCountZone,OWM Zona5,2026-09-14 02:00:00+02:00,150
loginCountZone,OWM Zona4,2026-09-14 02:00:00+02:00,298
loginCountZone,OWM Zona3,2026-09-14 02:00:00+02:00,543
loginCountZone,OWM Zona2,2026-09-14 02:00:00+02:00,294
loginCountZone,OWM Zona1,2026-09-14 02:00:00+02:00,551
loginCountZone,OWM Zona9,2026-09-13 02:00:00+02:00,170
loginCountZone,OWM Zona8,2026-09-13 02:00:00+02:00,214
loginCountZone,OWM Zona7,2026-09-13 02:00:00+02:00,95
loginCountZone,OWM Zona6,2026-09-13 02:00:00+02:00,109
loginCountZone,OWM Zona5,2026-09-13 02:00:00+02:00,159
loginCountZone,OWM Zona4,2026-09-13 02:00:00+02:00,273
loginCountZone,OWM Zona3,2026-09-13 02:00:00+02:00,377
loginCountZone,OWM Zona2,2026-09-13 02:00:00+02:00,273
loginCountZone,OWM Zona1,2026-09-13 02:00:00+02:00,480
loginCountZone,OWM Zona9,2026-09-12 02:00:00+02:00,196
loginCountZone,OWM Zona8,2026-09-12 02:00:00+02:00,230
loginCountZone,OWM Zona7,2026-09-12 02:00:00+02:00,130
loginCountZone,OWM Zona6,2026-09-12 02:00:00+02:00,130
loginCountZone,OWM Zona5,2026-09-12 02:00:00+02:00,122
loginCountZone,OWM Zona4,2026-09-12 02:00:00+02:00,269
loginCountZone,OWM Zona3,2026-09-12 02:00:00+02:00,459
loginCountZone,OWM Zona2,2026-09-12 02:00:00+02:00,259
loginCountZone,OWM Zona1,2026-09-12 02:00:00+02:00,574
loginCountZone,OWM Zona9,2026-09-11 02:00:00+02:00,253
loginCountZone,OWM Zona8,2026-09-11 02:00:00+02:00,259
loginCountZone,OWM Zona7,2026-09-11 02:00:00+02:00,136
loginCountZone,OWM Zona6,2026-09-11 02:00:00+02:00,173
loginCountZone,OWM Zona5,2026-09-11 02:00:00+02:00,152
loginCountZone,OWM Zona4,2026-09-11 02:00:00+02:00,246
loginCountZone,OWM Zona3,2026-09-11 02:00:00+02:00,482
loginCountZone,OWM Zona2,2026-09-11 02:00:00+02:00,313
loginCountZone,OWM Zona1,2026-09-11 02:00:00+02:00,606
loginCountZone,OWM Zona9,2026-09-10 02:00:00+02:00,216
loginCountZone,OWM Zona8,2026-09-10 02:00:00+02:00,275
loginCountZone,OWM Zona7,2026-09-10 02:00:00+02:00,123
loginCountZone,OWM Zona6,2026-09-10 02:00:00+02:00,144
loginCountZone,OWM Zona5,2026-09-10 02:00:00+02:00,160
loginCountZone,OWM Zona4,2026-09-10 02:00:00+02:00,184
loginCountZone,OWM Zona3,2026-09-10 02:00:00+02:00,430
loginCountZone,OWM Zona2,2026-09-10 02:00:00+02:00,268
loginCountZone,OWM Zona1,2026-09-10 02:00:00+02:00,528
loginCountZone,OWM Zona9,2026-09-09 04:00:00+02:00,199
loginCountZone,OWM Zona8,2026-09-09 04:00:00+02:00,185
loginCountZone,OWM Zona7,2026-09-09 04:00:00+02:00,108
loginCountZone,OWM Zona6,2026-09-09 04:00:00+02:00,113
loginCountZone,OWM Zona5,2026-09-09 04:00:00+02:00,173
loginCountZone,OWM Zona4,2026-09-09 04:00:00+02:00,211
loginCountZone,OWM Zona3,2026-09-09 04:00:00+02:00,436
loginCountZone,OWM Zona2,2026-09-09 04:00:00+02:00,251
loginCountZone,OWM Zona1,2026-09-09 04:00:00+02:00,470
loginCountZone,OWM Zona9,2026-09-08 06:00:00+02:00,250
loginCountZone,OWM Zona8,2026-09-08 06:00:00+02:00,237
loginCountZone,OWM Zona7,2026-09-08 06:00:00+02:00,144
loginCountZone,OWM Zona6,2026-09-08 06:00:00+02:00,151
loginCountZone,OWM Zona5,2026-09-08 06:00:00+02:00,233
loginCountZone,OWM Zona4,2026-09-08 06:00:00+02:00,218
loginCountZone,OWM Zona3,2026-09-08 06:00:00+02:00,475
loginCountZone,OWM Zona2,2026-09-08 06:00:00+02:00,316
loginCountZone,OWM Zona1,2026-09-08 06:00:00+02:00,597
loginCountZone,OWM Zona9,2026-09-07 08:00:00+02:00,247
loginCountZone,OWM Zona8,2026-09-07 08:00:00+02:00,230
loginCountZone,OWM Zona7,2026-09-07 08:00:00+02:00,121
loginCountZone,OWM Zona6,2026-09-07 08:00:00+02:00,123
loginCountZone,OWM Zona5,2026-09-07 08:00:00+02:00,183
loginCountZone,OWM Zona4,2026-09-07 08:00:00+02:00,285
loginCountZone,OWM Zona3,2026-09-07 08:00:00+02:00,459
loginCountZone,OWM Zona2,2026-09-07 08:00:00+02:00,312
loginCountZone,OWM Zona1,2026-09-07 08:00:00+02:00,486
loginCountZone,OWM Zona9,2026-09-06 10:00:00+02:00,126
loginCountZone,OWM Zona8,2026-09-06 10:00:00+02:00,195
loginCountZone,OWM Zona7,2026-09-06 10:00:00+02:00,121
loginCountZone,OWM Zona6,2026-09-06 10:00:00+02:00,128
loginCountZone,OWM Zona5,2026-09-06 10:00:00+02:00,174
loginCountZone,OWM Zona4,2026-09-06 10:00:00+02:00,173
loginCountZone,OWM Zona3,2026-09-06 10:00:00+02:00,325
loginCountZone,OWM Zona2,2026-09-06 10:00:00+02:00,203
loginCountZone,OWM Zona1,2026-09-06 10:00:00+02:00,382
loginCountZone,OWM Zona9,2026-09-05 12:00:00+02:00,177
loginCountZone,OWM Zona8,2026-09-05 12:00:00+02:00,247
loginCountZone,OWM Zona7,2026-09-05 12:00:00+02:00,125
loginCountZone,OWM Zona6,2026-09-05 12:00:00+02:00,116
loginCountZone,OWM Zona5,2026-09-05 12:00:00+02:00,181
loginCountZone,OWM Zona4,2026-09-05 12:00:00+02:00,175
loginCountZone,OWM Zona3,2026-09-05 12:00:00+02:00,386
loginCountZone,OWM Zona2,2026-09-05 12:00:00+02:00,271
loginCountZone,OWM Zona1,2026-09-05 12:00:00+02:00,455
loginCountZone,OWM Zona9,2026-09-04 14:00:00+02:00,239
loginCountZone,OWM Zona8,2026-09-04 14:00:00+02:00,236
loginCountZone,OWM Zona7,2026-09-04 14:00:00+02:00,113
loginCountZone,OWM Zona6,2026-09-04 14:00:00+02:00,128
loginCountZone,OWM Zona5,2026-09-04 14:00:00+02:00,178
loginCountZone,OWM Zona4,2026-09-04 14:00:00+02:00,222
loginCountZone,OWM Zona3,2026-09-04 14:00:00+02:00,447
loginCountZone,OWM Zona2,2026-09-04 14:00:00+02:00,291
loginCountZone,OWM Zona1,2026-09-04 14:00:00+02:00,505
loginCountZone,OWM Zona9,2026-09-03 16:00:00+02:00,212
loginCountZone,OWM Zona8,2026-09-03 16:00:00+02:00,177
loginCountZone,OWM Zona7,2026-09-03 16:00:00+02:00,109
loginCountZone,OWM Zona6,2026-09-03 16:00:00+02:00,107
loginCountZone,OWM Zona5,2026-09-03 16:00:00+02:00,151
loginCountZone,OWM Zona4,2026-09-03 16:00:00+02:00,197
loginCountZone,OWM Zona3,2026-09-03 16:00:00+02:00,373
loginCountZone,OWM Zona2,2026-09-03 16:00:00+02:00,240
loginCountZone,OWM Zona1,2026-09-03 16:00:00+02:00,424
loginCountZone,OWM Zona9,2026-09-02 18:00:00+02:00,182
loginCountZone,OWM Zona8,2026-09-02 18:00:00+02:00,221
loginCountZone,OWM Zona7,2026-09-02 18:00:00+02:00,102
loginCountZone,OWM Zona6,2026-09-02 18:00:00+02:00,91
loginCountZone,OWM Zona5,2026-09-02 18:00:00+02:00,130
loginCountZone,OWM Zona4,2026-09-02 18:00:00+02:00,182
loginCountZone,OWM Zona3,2026-09-02 18:00:00+02:00,355
loginCountZone,OWM Zona2,2026-09-02 18:00:00+02:00,280
loginCountZone,OWM Zona1,2026-09-02 18:00:00+02:00,444
loginCountZone,OWM Zona9,2026-09-01 20:00:00+02:00,66
loginCountZone,OWM Zona8,2026-09-01 20:00:00+02:00,88
loginCountZone,OWM Zona7,2026-09-01 20:00:00+02:00,23
loginCountZone,OWM Zona6,2026-09-01 20:00:00+02:00,35
loginCountZone,OWM Zona5,2026-09-01 20:00:00+02:00,48
loginCountZone,OWM Zona4,2026-09-01 20:00:00+02:00,71
loginCountZone,OWM Zona3,2026-09-01 20:00:00+02:00,106
loginCountZone,OWM Zona2,2026-09-01 20:00:00+02:00,57
loginCountZone,OWM Zona1,2026-09-01 20:00:00+02:00,67
loginCountZone,OWM Zona9,2026-08-31 22:00:00+02:00,63
loginCountZone,OWM Zona8,2026-08-31 22:00:00+02:00,63
loginCountZone,OWM Zona7,2026-08-31 22:00:00+02:00,26
loginCountZone,OWM Zona6,2026-08-31 22:00:00+02:00,37
loginCountZone,OWM Zona5,2026-08-31 22:00:00+02:00,55
loginCountZone,OWM Zona4,2026-08-31 22:00:00+02:00,83
loginCountZone,OWM Zona3,2026-08-31 22:00:00+02:00,113
loginCountZone,OWM Zona2,2026-08-31 22:00:00+02:00,70
loginCountZone,OWM Zona1,2026-08-31 22:00:00+02:00,95
loginCountZone,OWM Zona9,2026-08-31 00:00:00+02:00,12
loginCountZone,OWM Zona8,2026-08-31 00:00:00+02:00,25
loginCountZone,OWM Zona7,2026-08-31 00:00:00+02:00,12
loginCountZone,OWM Zona6,2026-08-31 00:00:00+02:00,14
loginCountZone,OWM Zona5,2026-08-31 00:00:00+02:00,15
loginCountZone,OWM Zona4,2026-08-31 00:00:00+02:00,37
loginCountZone,OWM Zona3,2026-08-31 00:00:00+02:00,32
loginCountZone,OWM Zona2,2026-08-31 00:00:00+02:00,32
loginCountZone,OWM Zona1,2026-08-31 00:00:00+02:00,37
loginCountZone,OWM Zona9,2026-08-30 02:00:00+02:00,109
loginCountZone,OWM Zona8,2026-08-30 02:00:00+02:00,136
loginCountZone,OWM Zona7,2026-08-30 02:00:00+02:00,69
loginCountZone,OWM Zona6,2026-08-30 02:00:00+02:00,77
loginCountZone,OWM Zona5,2026-08-30 02:00:00+02:00,100
loginCountZone,OWM Zona4,2026-08-30 02:00:00+02:00,135
loginCountZone,OWM Zona3,2026-08-30 02:00:00+02:00,222
loginCountZone,OWM Zona2,2026-08-30 02:00:00+02:00,160
loginCountZone,OWM Zona1,2026-08-30 02:00:00+02:00,171
loginCountZone,OWM Zona9,2026-08-29 04:00:00+02:00,121
loginCountZone,OWM Zona8,2026-08-29 04:00:00+02:00,116
loginCountZone,OWM Zona7,2026-08-29 04:00:00+02:00,48
loginCountZone,OWM Zona6,2026-08-29 04:00:00+02:00,63
loginCountZone,OWM Zona5,2026-08-29 04:00:00+02:00,107
loginCountZone,OWM Zona4,2026-08-29 04:00:00+02:00,124
loginCountZone,OWM Zona3,2026-08-29 04:00:00+02:00,226
loginCountZone,OWM Zona2,2026-08-29 04:00:00+02:00,167
loginCountZone,OWM Zona1,2026-08-29 04:00:00+02:00,171
loginCountZone,OWM Zona9,2026-08-28 06:00:00+02:00,128
loginCountZone,OWM Zona8,2026-08-28 06:00:00+02:00,118
loginCountZone,OWM Zona7,2026-08-28 06:00:00+02:00,69
loginCountZone,OWM Zona6,2026-08-28 06:00:00+02:00,80
loginCountZone,OWM Zona5,2026-08-28 06:00:00+02:00,103
loginCountZone,OWM Zona4,2026-08-28 06:00:00+02:00,104
loginCountZone,OWM Zona3,2026-08-28 06:00:00+02:00,235
loginCountZone,OWM Zona2,2026-08-28 06:00:00+02:00,157
loginCountZone,OWM Zona1,2026-08-28 06:00:00+02:00,188
loginCountZone,OWM Zona9,2026-08-27 08:00:00+02:00,122
loginCountZone,OWM Zona8,2026-08-27 08:00:00+02:00,138
loginCountZone,OWM Zona7,2026-08-27 08:00:00+02:00,50
loginCountZone,OWM Zona6,2026-08-27 08:00:00+02:00,80
loginCountZone,OWM Zona5,2026-08-27 08:00:00+02:00,92
loginCountZone,OWM Zona4,2026-08-27 08:00:00+02:00,151
loginCountZone,OWM Zona3,2026-08-27 08:00:00+02:00,224
loginCountZone,OWM Zona2,2026-08-27 08:00:00+02:00,156
loginCountZone,OWM Zona1,2026-08-27 08:00:00+02:00,207
loginCountZone,OWM Zona9,2026-08-26 10:00:00+02:00,118
loginCountZone,OWM Zona8,2026-08-26 10:00:00+02:00,134
loginCountZone,OWM Zona7,2026-08-26 10:00:00+02:00,58
loginCountZone,OWM Zona6,2026-08-26 10:00:00+02:00,110
loginCountZone,OWM Zona5,2026-08-26 10:00:00+02:00,111
loginCountZone,OWM Zona4,2026-08-26 10:00:00+02:00,151
loginCountZone,OWM Zona3,2026-08-26 10:00:00+02:00,210
loginCountZone,OWM Zona2,2026-08-26 10:00:00+02:00,168
loginCountZone,OWM Zona1,2026-08-26 10:00:00+02:00,208
loginCountZone,OWM Zona9,2026-08-25 12:00:00+02:00,136
loginCountZone,OWM Zona8,2026-08-25 12:00:00+02:00,147
loginCountZone,OWM Zona7,2026-08-25 12:00:00+02:00,56
loginCountZone,OWM Zona6,2026-08-25 12:00:00+02:00,71
loginCountZone,OWM Zona5,2026-08-25 12:00:00+02:00,82
loginCountZone,OWM Zona4,2026-08-25 12:00:00+02:00,154
loginCountZone,OWM Zona3,2026-08-25 12:00:00+02:00,255
loginCountZone,OWM Zona2,2026-08-25 12:00:00+02:00,153
loginCountZone,OWM Zona1,2026-08-25 12:00:00+02:00,211
loginCountZone,OWM Zona9,2026-08-24 14:00:00+02:00,97
loginCountZone,OWM Zona8,2026-08-24 14:00:00+02:00,113
loginCountZone,OWM Zona7,2026-08-24 14:00:00+02:00,51
loginCountZone,OWM Zona6,2026-08-24 14:00:00+02:00,70
loginCountZone,OWM Zona5,2026-08-24 14:00:00+02:00,66
loginCountZone,OWM Zona4,2026-08-24 14:00:00+02:00,127
loginCountZone,OWM Zona3,2026-08-24 14:00:00+02:00,200
loginCountZone,OWM Zona2,2026-08-24 14:00:00+02:00,128
loginCountZone,OWM Zona1,2026-08-24 14:00:00+02:00,187
loginCountZone,OWM Zona9,2026-08-23 16:00:00+02:00,127
loginCountZone,OWM Zona8,2026-08-23 16:00:00+02:00,133
loginCountZone,OWM Zona7,2026-08-23 16:00:00+02:00,56
loginCountZone,OWM Zona6,2026-08-23 16:00:00+02:00,72
loginCountZone,OWM Zona5,2026-08-23 16:00:00+02:00,67
loginCountZone,OWM Zona4,2026-08-23 16:00:00+02:00,107
loginCountZone,OWM Zona3,2026-08-23 16:00:00+02:00,237
loginCountZone,OWM Zona2,2026-08-23 16:00:00+02:00,151
loginCountZone,OWM Zona1,2026-08-23 16:00:00+02:00,215
loginCountZone,OWM Zona9,2026-08-22 18:00:00+02:00,108
loginCountZone,OWM Zona8,2026-08-22 18:00:00+02:00,133
loginCountZone,OWM Zona7,2026-08-22 18:00:00+02:00,65
loginCountZone,OWM Zona6,2026-08-22 18:00:00+02:00,77
loginCountZone,OWM Zona5,2026-08-22 18:00:00+02:00,69
loginCountZone,OWM Zona4,2026-08-22 18:00:00+02:00,113
loginCountZone,OWM Zona3,2026-08-22 18:00:00+02:00,222
loginCountZone,OWM Zona2,2026-08-22 18:00:00+02:00,148
loginCountZone,OWM Zona1,2026-08-22 18:00:00+02:00,231
loginCountZone,OWM Zona9,2026-08-21 20:00:00+02:00,162
loginCountZone,OWM Zona8,2026-08-21 20:00:00+02:00,191
loginCountZone,OWM Zona7,2026-08-21 20:00:00+02:00,100
loginCountZone,OWM Zona6,2026-08-21 20:00:00+02:00,107
loginCountZone,OWM Zona5,2026-08-21 20:00:00+02:00,121
loginCountZone,OWM Zona4,2026-08-21 20:00:00+02:00,251
loginCountZone,OWM Zona3,2026-08-21 20:00:00+02:00,340
loginCountZone,OWM Zona2,2026-08-21 20:00:00+02:00,242
loginCountZone,OWM Zona1,2026-08-21 20:00:00+02:00,757
loginCountZone,OWM Zona9,2026-08-20 22:00:00+02:00,192
loginCountZone,OWM Zona8,2026-08-20 22:00:00+02:00,210
loginCountZone,OWM Zona7,2026-08-20 22:00:00+02:00,96
loginCountZone,OWM Zona6,2026-08-20 22:00:00+02:00,116
loginCountZone,OWM Zona5,2026-08-20 22:00:00+02:00,129
loginCountZone,OWM Zona4,2026-08-20 22:00:00+02:00,177
loginCountZone,OWM Zona3,2026-08-20 22:00:00+02:00,382
loginCountZone,OWM Zona2,2026-08-20 22:00:00+02:00,273
loginCountZone,OWM Zona1,2026-08-20 22:00:00+02:00,1001
loginCountZone,OWM Zona9,2026-08-20 00:00:00+02:00,192
loginCountZone,OWM Zona8,2026-08-20 00:00:00+02:00,210
loginCountZone,OWM Zona7,2026-08-20 00:00:00+02:00,93
loginCountZone,OWM Zona6,2026-08-20 00:00:00+02:00,113
loginCountZone,OWM Zona5,2026-08-20 00:00:00+02:00,142
loginCountZone,OWM Zona4,2026-08-20 00:00:00+02:00,217
loginCountZone,OWM Zona3,2026-08-20 00:00:00+02:00,395
loginCountZone,OWM Zona2,2026-08-20 00:00:00+02:00,281
loginCountZone,OWM Zona1,2026-08-20 00:00:00+02:00,988
loginCountZone,OWM Zona9,2026-08-19 02:00:00+02:00,180
loginCountZone,OWM Zona8,2026-08-19 02:00:00+02:00,192
loginCountZone,OWM Zona7,2026-08-19 02:00:00+02:00,87
loginCountZone,OWM Zona6,2026-08-19 02:00:00+02:00,104
loginCountZone,OWM Zona5,2026-08-19 02:00:00+02:00,126
loginCountZone,OWM Zona4,2026-08-19 02:00:00+02:00,214
loginCountZone,OWM Zona3,2026-08-19 02:00:00+02:00,350
loginCountZone,OWM Zona2,2026-08-19 02:00:00+02:00,319
loginCountZone,OWM Zona1,2026-08-19 02:00:00+02:00,1024
loginCountZone,OWM Zona9,2026-08-18 04:00:00+02:00,132
loginCountZone,OWM Zona8,2026-08-18 04:00:00+02:00,136
loginCountZone,OWM Zona7,2026-08-18 04:00:00+02:00,81
loginCountZone,OWM Zona6,2026-08-18 04:00:00+02:00,105
loginCountZone,OWM Zona5,2026-08-18 04:00:00+02:00,101
loginCountZone,OWM Zona4,2026-08-18 04:00:00+02:00,157
loginCountZone,OWM Zona3,2026-08-18 04:00:00+02:00,267
loginCountZone,OWM Zona2,2026-08-18 04:00:00+02:00,242
loginCountZone,OWM Zona1,2026-08-18 04:00:00+02:00,833
loginCountZone,OWM Zona9,2026-08-17 06:00:00+02:00,157
loginCountZone,OWM Zona8,2026-08-17 06:00:00+02:00,156
loginCountZone,OWM Zona7,2026-08-17 06:00:00+02:00,64
loginCountZone,OWM Zona6,2026-08-17 06:00:00+02:00,81
loginCountZone,OWM Zona5,2026-08-17 06:00:00+02:00,92
loginCountZone,OWM Zona4,2026-08-17 06:00:00+02:00,227
loginCountZone,OWM Zona3,2026-08-17 06:00:00+02:00,410
loginCountZone,OWM Zona2,2026-08-17 06:00:00+02:00,240
loginCountZone,OWM Zona1,2026-08-17 06:00:00+02:00,925
loginCountZone,OWM Zona9,2026-08-16 08:00:00+02:00,179
loginCountZone,OWM Zona8,2026-08-16 08:00:00+02:00,183
loginCountZone,OWM Zona7,2026-08-16 08:00:00+02:00,93
loginCountZone,OWM Zona6,2026-08-16 08:00:00+02:00,117
loginCountZone,OWM Zona5,2026-08-16 08:00:00+02:00,119
loginCountZone,OWM Zona4,2026-08-16 08:00:00+02:00,229
loginCountZone,OWM Zona3,2026-08-16 08:00:00+02:00,381
loginCountZone,OWM Zona2,2026-08-16 08:00:00+02:00,257
loginCountZone,OWM Zona1,2026-08-16 08:00:00+02:00,847
loginCountZone,OWM Zona9,2026-08-15 10:00:00+02:00,161
loginCountZone,OWM Zona8,2026-08-15 10:00:00+02:00,190
loginCountZone,OWM Zona7,2026-08-15 10:00:00+02:00,142
loginCountZone,OWM Zona6,2026-08-15 10:00:00+02:00,103
loginCountZone,OWM Zona5,2026-08-15 10:00:00+02:00,163
loginCountZone,OWM Zona4,2026-08-15 10:00:00+02:00,221
loginCountZone,OWM Zona3,2026-08-15 10:00:00+02:00,414
loginCountZone,OWM Zona2,2026-08-15 10:00:00+02:00,265
loginCountZone,OWM Zona1,2026-08-15 10:00:00+02:00,965
loginCountZone,OWM Zona9,2026-08-14 12:00:00+02:00,164
loginCountZone,OWM Zona8,2026-08-14 12:00:00+02:00,184
loginCountZone,OWM Zona7,2026-08-14 12:00:00+02:00,127
loginCountZone,OWM Zona6,2026-08-14 12:00:00+02:00,104
loginCountZone,OWM Zona5,2026-08-14 12:00:00+02:00,128
loginCountZone,OWM Zona4,2026-08-14 12:00:00+02:00,205
loginCountZone,OWM Zona3,2026-08-14 12:00:00+02:00,417
loginCountZone,OWM Zona2,2026-08-14 12:00:00+02:00,281
loginCountZone,OWM Zona1,2026-08-14 12:00:00+02:00,929
loginCountZone,OWM Zona9,2026-08-13 14:00:00+02:00,182
loginCountZone,OWM Zona8,2026-08-13 14:00:00+02:00,217
loginCountZone,OWM Zona7,2026-08-13 14:00:00+02:00,120
loginCountZone,OWM Zona6,2026-08-13 14:00:00+02:00,104
loginCountZone,OWM Zona5,2026-08-13 14:00:00+02:00,144
loginCountZone,OWM Zona4,2026-08-13 14:00:00+02:00,216
loginCountZone,OWM Zona3,2026-08-13 14:00:00+02:00,419
loginCountZone,OWM Zona2,2026-08-13 14:00:00+02:00,262
loginCountZone,OWM Zona1,2026-08-13 14:00:00+02:00,961
loginCountZone,OWM Zona9,2026-08-12 16:00:00+02:00,198
loginCountZone,OWM Zona8,2026-08-12 16:00:00+02:00,151
loginCountZone,OWM Zona7,2026-08-12 16:00:00+02:00,97
loginCountZone,OWM Zona6,2026-08-12 16:00:00+02:00,111
loginCountZone,OWM Zona5,2026-08-12 16:00:00+02:00,139
loginCountZone,OWM Zona4,2026-08-12 16:00:00+02:00,185
loginCountZone,OWM Zona3,2026-08-12 16:00:00+02:00,407
loginCountZone,OWM Zona2,2026-08-12 16:00:00+02:00,242
loginCountZone,OWM Zona1,2026-08-12 16:00:00+02:00,951
loginCountZone,OWM Zona9,2026-08-11 18:00:00+02:00,180
loginCountZone,OWM Zona8,2026-08-11 18:00:00+02:00,169
loginCountZone,OWM Zona7,2026-08-11 18:00:00+02:00,90
loginCountZone,OWM Zona6,2026-08-11 18:00:00+02:00,100
loginCountZone,OWM Zona5,2026-08-11 18:00:00+02:00,122
loginCountZone,OWM Zona4,2026-08-11 18:00:00+02:00,191
loginCountZone,OWM Zona3,2026-08-11 18:00:00+02:00,404
loginCountZone,OWM Zona2,2026-08-11 18:00:00+02:00,270
loginCountZone,OWM Zona1,2026-08-11 18:00:00+02:00,871
loginCountZone,OWM Zona9,2026-08-10 20:00:00+02:00,218
loginCountZone,OWM Zona8,2026-08-10 20:00:00+02:00,192
loginCountZone,OWM Zona7,2026-08-10 20:00:00+02:00,96
loginCountZone,OWM Zona6,2026-08-10 20:00:00+02:00,111
loginCountZone,OWM Zona5,2026-08-10 20:00:00+02:00,150
loginCountZone,OWM Zona4,2026-08-10 20:00:00+02:00,248
loginCountZone,OWM Zona3,2026-08-10 20:00:00+02:00,414
loginCountZone,OWM Zona2,2026-08-10 20:00:00+02:00,277
loginCountZone,OWM Zona1,2026-08-10 20:00:00+02:00,1027
loginCountZone,OWM Zona9,2026-08-09 22:00:00+02:00,190
loginCountZone,OWM Zona8,2026-08-09 22:00:00+02:00,220
loginCountZone,OWM Zona7,2026-08-09 22:00:00+02:00,95
loginCountZone,OWM Zona6,2026-08-09 22:00:00+02:00,112
loginCountZone,OWM Zona5,2026-08-09 22:00:00+02:00,166
loginCountZone,OWM Zona4,2026-08-09 22:00:00+02:00,261
loginCountZone,OWM Zona3,2026-08-09 22:00:00+02:00,429
loginCountZone,OWM Zona2,2026-08-09 22:00:00+02:00,316
loginCountZone,OWM Zona1,2026-08-09 22:00:00+02:00,879
loginCountZone,OWM Zona9,2026-08-09 00:00:00+02:00,205
loginCountZone,OWM Zona8,2026-08-09 00:00:00+02:00,226
loginCountZone,OWM Zona7,2026-08-09 00:00:00+02:00,98
loginCountZone,OWM Zona6,2026-08-09 00:00:00+02:00,119
loginCountZone,OWM Zona5,2026-08-09 00:00:00+02:00,126
loginCountZone,OWM Zona4,2026-08-09 00:00:00+02:00,249
loginCountZone,OWM Zona3,2026-08-09 00:00:00+02:00,440
loginCountZone,OWM Zona2,2026-08-09 00:00:00+02:00,320
loginCountZone,OWM Zona1,2026-08-09 00:00:00+02:00,753
loginCountZone,OWM Zona9,2026-08-08 02:00:00+02:00,214
loginCountZone,OWM Zona8,2026-08-08 02:00:00+02:00,234
loginCountZone,OWM Zona7,2026-08-08 02:00:00+02:00,110
loginCountZone,OWM Zona6,2026-08-08 02:00:00+02:00,139
loginCountZone,OWM Zona5,2026-08-08 02:00:00+02:00,165
loginCountZone,OWM Zona4,2026-08-08 02:00:00+02:00,222
loginCountZone,OWM Zona3,2026-08-08 02:00:00+02:00,421
loginCountZone,OWM Zona2,2026-08-08 02:00:00+02:00,308
loginCountZone,OWM Zona1,2026-08-08 02:00:00+02:00,808
loginCountZone,OWM Zona9,2026-08-07 04:00:00+02:00,231
loginCountZone,OWM Zona8,2026-08-07 04:00:00+02:00,217
loginCountZone,OWM Zona7,2026-08-07 04:00:00+02:00,103
loginCountZone,OWM Zona6,2026-08-07 04:00:00+02:00,154
loginCountZone,OWM Zona5,2026-08-07 04:00:00+02:00,160
loginCountZone,OWM Zona4,2026-08-07 04:00:00+02:00,214
loginCountZone,OWM Zona3,2026-08-07 04:00:00+02:00,425
loginCountZone,OWM Zona2,2026-08-07 04:00:00+02:00,280
loginCountZone,OWM Zona1,2026-08-07 04:00:00+02:00,958
loginCountZone,OWM Zona9,2026-08-06 06:00:00+02:00,209
loginCountZone,OWM Zona8,2026-08-06 06:00:00+02:00,233
loginCountZone,OWM Zona7,2026-08-06 06:00:00+02:00,123
loginCountZone,OWM Zona6,2026-08-06 06:00:00+02:00,125
loginCountZone,OWM Zona5,2026-08-06 06:00:00+02:00,159
loginCountZone,OWM Zona4,2026-08-06 06:00:00+02:00,178
loginCountZone,OWM Zona3,2026-08-06 06:00:00+02:00,447
loginCountZone,OWM Zona2,2026-08-06 06:00:00+02:00,311
loginCountZone,OWM Zona1,2026-08-06 06:00:00+02:00,863
loginCountZone,OWM Zona9,2026-08-05 08:00:00+02:00,192
loginCountZone,OWM Zona8,2026-08-05 08:00:00+02:00,195
loginCountZone,OWM Zona7,2026-08-05 08:00:00+02:00,101
loginCountZone,OWM Zona6,2026-08-05 08:00:00+02:00,104
loginCountZone,OWM Zona5,2026-08-05 08:00:00+02:00,169
loginCountZone,OWM Zona4,2026-08-05 08:00:00+02:00,219
loginCountZone,OWM Zona3,2026-08-05 08:00:00+02:00,378
loginCountZone,OWM Zona2,2026-08-05 08:00:00+02:00,311
loginCountZone,OWM Zona1,2026-08-05 08:00:00+02:00,938
loginCountZone,OWM Zona9,2026-08-04 10:00:00+02:00,197
loginCountZone,OWM Zona8,2026-08-04 10:00:00+02:00,203
loginCountZone,OWM Zona7,2026-08-04 10:00:00+02:00,87
loginCountZone,OWM Zona6,2026-08-04 10:00:00+02:00,127
loginCountZone,OWM Zona5,2026-08-04 10:00:00+02:00,125
loginCountZone,OWM Zona4,2026-08-04 10:00:00+02:00,282
loginCountZone,OWM Zona3,2026-08-04 10:00:00+02:00,452
loginCountZone,OWM Zona2,2026-08-04 10:00:00+02:00,305
loginCountZone,OWM Zona1,2026-08-04 10:00:00+02:00,821
loginCountZone,OWM Zona9,2026-08-03 12:00:00+02:00,182
loginCountZone,OWM Zona8,2026-08-03 12:00:00+02:00,206
loginCountZone,OWM Zona7,2026-08-03 12:00:00+02:00,116
loginCountZone,OWM Zona6,2026-08-03 12:00:00+02:00,132
loginCountZone,OWM Zona5,2026-08-03 12:00:00+02:00,163
loginCountZone,OWM Zona4,2026-08-03 12:00:00+02:00,372
loginCountZone,OWM Zona3,2026-08-03 12:00:00+02:00,493
loginCountZone,OWM Zona2,2026-08-03 12:00:00+02:00,342
loginCountZone,OWM Zona1,2026-08-03 12:00:00+02:00,898
loginCountZone,OWM Zona9,2026-08-02 14:00:00+02:00,229
loginCountZone,OWM Zona8,2026-08-02 14:00:00+02:00,230
loginCountZone,OWM Zona7,2026-08-02 14:00:00+02:00,102
loginCountZone,OWM Zona6,2026-08-02 14:00:00+02:00,172
loginCountZone,OWM Zona5,2026-08-02 14:00:00+02:00,216
loginCountZone,OWM Zona4,2026-08-02 14:00:00+02:00,421
loginCountZone,OWM Zona3,2026-08-02 14:00:00+02:00,496
loginCountZone,OWM Zona2,2026-08-02 14:00:00+02:00,349
loginCountZone,OWM Zona1,2026-08-02 14:00:00+02:00,822
loginCountZone,OWM Zona9,2026-08-01 16:00:00+02:00,219
loginCountZone,OWM Zona8,2026-08-01 16:00:00+02:00,254
loginCountZone,OWM Zona7,2026-08-01 16:00:00+02:00,133
loginCountZone,OWM Zona6,2026-08-01 16:00:00+02:00,145
loginCountZone,OWM Zona5,2026-08-01 16:00:00+02:00,209
loginCountZone,OWM Zona4,2026-08-01 16:00:00+02:00,423
loginCountZone,OWM Zona3,2026-08-01 16:00:00+02:00,521
loginCountZone,OWM Zona2,2026-08-01 16:00:00+02:00,301
loginCountZone,OWM Zona1,2026-08-01 16:00:00+02:00,977
loginCountZone,OWM Zona9,2026-07-31 18:00:00+02:00,229
loginCountZone,OWM Zona8,2026-07-31 18:00:00+02:00,235
loginCountZone,OWM Zona7,2026-07-31 18:00:00+02:00,117
loginCountZone,OWM Zona6,2026-07-31 18:00:00+02:00,124
loginCountZone,OWM Zona5,2026-07-31 18:00:00+02:00,238
loginCountZone,OWM Zona4,2026-07-31 18:00:00+02:00,453
loginCountZone,OWM Zona3,2026-07-31 18:00:00+02:00,546
loginCountZone,OWM Zona2,2026-07-31 18:00:00+02:00,311
loginCountZone,OWM Zona1,2026-07-31 18:00:00+02:00,1133
loginCountZone,OWM Zona9,2026-07-30 20:00:00+02:00,215
loginCountZone,OWM Zona8,2026-07-30 20:00:00+02:00,266
loginCountZone,OWM Zona7,2026-07-30 20:00:00+02:00,97
loginCountZone,OWM Zona6,2026-07-30 20:00:00+02:00,107
loginCountZone,OWM Zona5,2026-07-30 20:00:00+02:00,205
loginCountZone,OWM Zona4,2026-07-30 20:00:00+02:00,354
loginCountZone,OWM Zona3,2026-07-30 20:00:00+02:00,511
loginCountZone,OWM Zona2,2026-07-30 20:00:00+02:00,314
loginCountZone,OWM Zona1,2026-07-30 20:00:00+02:00,1082
loginCountZone,OWM Zona9,2026-07-29 22:00:00+02:00,188
loginCountZone,OWM Zona8,2026-07-29 22:00:00+02:00,210
loginCountZone,OWM Zona7,2026-07-29 22:00:00+02:00,79
loginCountZone,OWM Zona6,2026-07-29 22:00:00+02:00,112
loginCountZone,OWM Zona5,2026-07-29 22:00:00+02:00,176
loginCountZone,OWM Zona4,2026-07-29 22:00:00+02:00,331
loginCountZone,OWM Zona3,2026-07-29 22:00:00+02:00,501
loginCountZone,OWM Zona2,2026-07-29 22:00:00+02:00,303
loginCountZone,OWM Zona1,2026-07-29 22:00:00+02:00,1160
loginCountZone,OWM Zona9,2026-07-29 00:00:00+02:00,181
loginCountZone,OWM Zona8,2026-07-29 00:00:00+02:00,264
loginCountZone,OWM Zona7,2026-07-29 00:00:00+02:00,159
loginCountZone,OWM Zona6,2026-07-29 00:00:00+02:00,116
loginCountZone,OWM Zona5,2026-07-29 00:00:00+02:00,163
loginCountZone,OWM Zona4,2026-07-29 00:00:00+02:00,327
loginCountZone,OWM Zona3,2026-07-29 00:00:00+02:00,562
loginCountZone,OWM Zona2,2026-07-29 00:00:00+02:00,294
loginCountZone,OWM Zona1,2026-07-29 00:00:00+02:00,1338
loginCountZone,OWM Zona9,2026-07-28 02:00:00+02:00,281
loginCountZone,OWM Zona8,2026-07-28 02:00:00+02:00,271
loginCountZone,OWM Zona7,2026-07-28 02:00:00+02:00,120
loginCountZone,OWM Zona6,2026-07-28 02:00:00+02:00,163
loginCountZone,OWM Zona5,2026-07-28 02:00:00+02:00,202
loginCountZone,OWM Zona4,2026-07-28 02:00:00+02:00,354
loginCountZone,OWM Zona3,2026-07-28 02:00:00+02:00,592
loginCountZone,OWM Zona2,2026-07-28 02:00:00+02:00,326
loginCountZone,OWM Zona1,2026-07-28 02:00:00+02:00,1354
loginCountZone,OWM Zona9,2026-07-27 04:00:00+02:00,269
loginCountZone,OWM Zona8,2026-07-27 04:00:00+02:00,292
loginCountZone,OWM Zona7,2026-07-27 04:00:00+02:00,145
loginCountZone,OWM Zona6,2026-07-27 04:00:00+02:00,163
loginCountZone,OWM Zona5,2026-07-27 04:00:00+02:00,228
loginCountZone,OWM Zona4,2026-07-27 04:00:00+02:00,439
loginCountZone,OWM Zona3,2026-07-27 04:00:00+02:00,609
loginCountZone,OWM Zona2,2026-07-27 04:00:00+02:00,304
loginCountZone,OWM Zona1,2026-07-27 04:00:00+02:00,1376
loginCountZone,OWM Zona9,2026-07-26 06:00:00+02:00,302
loginCountZone,OWM Zona8,2026-07-26 06:00:00+02:00,283
loginCountZone,OWM Zona7,2026-07-26 06:00:00+02:00,119
loginCountZone,OWM Zona6,2026-07-26 06:00:00+02:00,143
loginCountZone,OWM Zona5,2026-07-26 06:00:00+02:00,205
loginCountZone,OWM Zona4,2026-07-26 06:00:00+02:00,372
loginCountZone,OWM Zona3,2026-07-26 06:00:00+02:00,597
loginCountZone,OWM Zona2,2026-07-26 06:00:00+02:00,369
loginCountZone,OWM Zona1,2026-07-26 06:00:00+02:00,1326
loginCountZone,OWM Zona9,2026-07-25 08:00:00+02:00,264
loginCountZone,OWM Zona8,2026-07-25 08:00:00+02:00,315
loginCountZone,OWM Zona7,2026-07-25 08:00:00+02:00,141
loginCountZone,OWM Zona6,2026-07-25 08:00:00+02:00,145
loginCountZone,OWM Zona5,2026-07-25 08:00:00+02:00,215
loginCountZone,OWM Zona4,2026-07-25 08:00:00+02:00,389
loginCountZone,OWM Zona3,2026-07-25 08:00:00+02:00,517
loginCountZone,OWM Zona2,2026-07-25 08:00:00+02:00,342
loginCountZone,OWM Zona1,2026-07-25 08:00:00+02:00,1124
loginCountZone,OWM Zona9,2026-07-24 10:00:00+02:00,281
loginCountZone,OWM Zona8,2026-07-24 10:00:00+02:00,272
loginCountZone,OWM Zona7,2026-07-24 10:00:00+02:00,128
loginCountZone,OWM Zona6,2026-07-24 10:00:00+02:00,135
loginCountZone,OWM Zona5,2026-07-24 10:00:00+02:00,178
loginCountZone,OWM Zona4,2026-07-24 10:00:00+02:00,277
loginCountZone,OWM Zona3,2026-07-24 10:00:00+02:00,465
loginCountZone,OWM Zona2,2026-07-24 10:00:00+02:00,343
loginCountZone,OWM Zona1,2026-07-24 10:00:00+02:00,1076
loginCountZone,OWM Zona9,2026-07-23 12:00:00+02:00,189
loginCountZone,OWM Zona8,2026-07-23 12:00:00+02:00,206
loginCountZone,OWM Zona7,2026-07-23 12:00:00+02:00,87
loginCountZone,OWM Zona6,2026-07-23 12:00:00+02:00,120
loginCountZone,OWM Zona5,2026-07-23 12:00:00+02:00,171
loginCountZone,OWM Zona4,2026-07-23 12:00:00+02:00,257
loginCountZone,OWM Zona3,2026-07-23 12:00:00+02:00,481
loginCountZone,OWM Zona2,2026-07-23 12:00:00+02:00,273
loginCountZone,OWM Zona1,2026-07-23 12:00:00+02:00,948
loginCountZone,OWM Zona9,2026-07-22 14:00:00+02:00,223
loginCountZone,OWM Zona8,2026-07-22 14:00:00+02:00,313
loginCountZone,OWM Zona7,2026-07-22 14:00:00+02:00,113
loginCountZone,OWM Zona6,2026-07-22 14:00:00+02:00,139
loginCountZone,OWM Zona5,2026-07-22 14:00:00+02:00,164
loginCountZone,OWM Zona4,2026-07-22 14:00:00+02:00,379
loginCountZone,OWM Zona3,2026-07-22 14:00:00+02:00,508
loginCountZone,OWM Zona2,2026-07-22 14:00:00+02:00,344
loginCountZone,OWM Zona1,2026-07-22 14:00:00+02:00,1037
loginCountZone,OWM Zona9,2026-07-21 16:00:00+02:00,234
loginCountZone,OWM Zona8,2026-07-21 16:00:00+02:00,318
loginCountZone,OWM Zona7,2026-07-21 16:00:00+02:00,134
loginCountZone,OWM Zona6,2026-07-21 16:00:00+02:00,183
loginCountZone,OWM Zona5,2026-07-21 16:00:00+02:00,185
loginCountZone,OWM Zona4,2026-07-21 16:00:00+02:00,366
loginCountZone,OWM Zona3,2026-07-21 16:00:00+02:00,556
loginCountZone,OWM Zona2,2026-07-21 16:00:00+02:00,357
loginCountZone,OWM Zona1,2026-07-21 16:00:00+02:00,1043
loginCountZone,OWM Zona9,2026-07-20 18:00:00+02:00,286
loginCountZone,OWM Zona8,2026-07-20 18:00:00+02:00,261
loginCountZone,OWM Zona7,2026-07-20 18:00:00+02:00,160
loginCountZone,OWM Zona6,2026-07-20 18:00:00+02:00,189
loginCountZone,OWM Zona5,2026-07-20 18:00:00+02:00,183
loginCountZone,OWM Zona4,2026-07-20 18:00:00+02:00,412
loginCountZone,OWM Zona3,2026-07-20 18:00:00+02:00,608
loginCountZone,OWM Zona2,2026-07-20 18:00:00+02:00,335
loginCountZone,OWM Zona1,2026-07-20 18:00:00+02:00,1161
loginCountZone,OWM Zona9,2026-07-19 20:00:00+02:00,239
loginCountZone,OWM Zona8,2026-07-19 20:00:00+02:00,285
loginCountZone,OWM Zona7,2026-07-19 20:00:00+02:00,142
loginCountZone,OWM Zona6,2026-07-19 20:00:00+02:00,170
loginCountZone,OWM Zona5,2026-07-19 20:00:00+02:00,189
loginCountZone,OWM Zona4,2026-07-19 20:00:00+02:00,399
loginCountZone,OWM Zona3,2026-07-19 20:00:00+02:00,535
loginCountZone,OWM Zona2,2026-07-19 20:00:00+02:00,364
loginCountZone,OWM Zona1,2026-07-19 20:00:00+02:00,957
loginCountZone,OWM Zona9,2026-07-18 22:00:00+02:00,253
loginCountZone,OWM Zona8,2026-07-18 22:00:00+02:00,251
loginCountZone,OWM Zona7,2026-07-18 22:00:00+02:00,131
loginCountZone,OWM Zona6,2026-07-18 22:00:00+02:00,160
loginCountZone,OWM Zona5,2026-07-18 22:00:00+02:00,191
loginCountZone,OWM Zona4,2026-07-18 22:00:00+02:00,342
loginCountZone,OWM Zona3,2026-07-18 22:00:00+02:00,516
loginCountZone,OWM Zona2,2026-07-18 22:00:00+02:00,389
loginCountZone,OWM Zona1,2026-07-18 22:00:00+02:00,1149
loginCountZone,OWM Zona9,2026-07-18 00:00:00+02:00,229
loginCountZone,OWM Zona8,2026-07-18 00:00:00+02:00,230
loginCountZone,OWM Zona7,2026-07-18 00:00:00+02:00,112
loginCountZone,OWM Zona6,2026-07-18 00:00:00+02:00,160
loginCountZone,OWM Zona5,2026-07-18 00:00:00+02:00,195
loginCountZone,OWM Zona4,2026-07-18 00:00:00+02:00,333
loginCountZone,OWM Zona3,2026-07-18 00:00:00+02:00,521
loginCountZone,OWM Zona2,2026-07-18 00:00:00+02:00,393
loginCountZone,OWM Zona1,2026-07-18 00:00:00+02:00,1064
loginCountZone,OWM Zona9,2026-07-17 02:00:00+02:00,192
loginCountZone,OWM Zona8,2026-07-17 02:00:00+02:00,210
loginCountZone,OWM Zona7,2026-07-17 02:00:00+02:00,80
loginCountZone,OWM Zona6,2026-07-17 02:00:00+02:00,114
loginCountZone,OWM Zona5,2026-07-17 02:00:00+02:00,136
loginCountZone,OWM Zona4,2026-07-17 02:00:00+02:00,313
loginCountZone,OWM Zona3,2026-07-17 02:00:00+02:00,479
loginCountZone,OWM Zona2,2026-07-17 02:00:00+02:00,309
loginCountZone,OWM Zona1,2026-07-17 02:00:00+02:00,944
loginCountZone,OWM Zona9,2026-07-16 04:00:00+02:00,226
loginCountZone,OWM Zona8,2026-07-16 04:00:00+02:00,249
loginCountZone,OWM Zona7,2026-07-16 04:00:00+02:00,119
loginCountZone,OWM Zona6,2026-07-16 04:00:00+02:00,148
loginCountZone,OWM Zona5,2026-07-16 04:00:00+02:00,151
loginCountZone,OWM Zona4,2026-07-16 04:00:00+02:00,335
loginCountZone,OWM Zona3,2026-07-16 04:00:00+02:00,482
loginCountZone,OWM Zona2,2026-07-16 04:00:00+02:00,351
loginCountZone,OWM Zona1,2026-07-16 04:00:00+02:00,1050
loginCountZone,OWM Zona9,2026-07-15 06:00:00+02:00,258
loginCountZone,OWM Zona8,2026-07-15 06:00:00+02:00,271
loginCountZone,OWM Zona7,2026-07-15 06:00:00+02:00,141
loginCountZone,OWM Zona6,2026-07-15 06:00:00+02:00,184
loginCountZone,OWM Zona5,2026-07-15 06:00:00+02:00,212
loginCountZone,OWM Zona4,2026-07-15 06:00:00+02:00,297
loginCountZone,OWM Zona3,2026-07-15 06:00:00+02:00,532
loginCountZone,OWM Zona2,2026-07-15 06:00:00+02:00,336
loginCountZone,OWM Zona1,2026-07-15 06:00:00+02:00,999
loginCountZone,OWM Zona9,2026-07-14 08:00:00+02:00,239
loginCountZone,OWM Zona8,2026-07-14 08:00:00+02:00,237
loginCountZone,OWM Zona7,2026-07-14 08:00:00+02:00,142
loginCountZone,OWM Zona6,2026-07-14 08:00:00+02:00,196
loginCountZone,OWM Zona5,2026-07-14 08:00:00+02:00,216
loginCountZone,OWM Zona4,2026-07-14 08:00:00+02:00,317
loginCountZone,OWM Zona3,2026-07-14 08:00:00+02:00,534
loginCountZone,OWM Zona2,2026-07-14 08:00:00+02:00,342
loginCountZone,OWM Zona1,2026-07-14 08:00:00+02:00,1042
loginCountZone,OWM Zona9,2026-07-13 10:00:00+02:00,246
loginCountZone,OWM Zona8,2026-07-13 10:00:00+02:00,244
loginCountZone,OWM Zona7,2026-07-13 10:00:00+02:00,143
loginCountZone,OWM Zona6,2026-07-13 10:00:00+02:00,179
loginCountZone,OWM Zona5,2026-07-13 10:00:00+02:00,221
loginCountZone,OWM Zona4,2026-07-13 10:00:00+02:00,371
loginCountZone,OWM Zona3,2026-07-13 10:00:00+02:00,572
loginCountZone,OWM Zona2,2026-07-13 10:00:00+02:00,337
loginCountZone,OWM Zona1,2026-07-13 10:00:00+02:00,992
loginCountZone,OWM Zona9,2026-07-12 12:00:00+02:00,262
loginCountZone,OWM Zona8,2026-07-12 12:00:00+02:00,252
loginCountZone,OWM Zona7,2026-07-12 12:00:00+02:00,127
loginCountZone,OWM Zona6,2026-07-12 12:00:00+02:00,166
loginCountZone,OWM Zona5,2026-07-12 12:00:00+02:00,195
loginCountZone,OWM Zona4,2026-07-12 12:00:00+02:00,327
loginCountZone,OWM Zona3,2026-07-12 12:00:00+02:00,606
loginCountZone,OWM Zona2,2026-07-12 12:00:00+02:00,352
loginCountZone,OWM Zona1,2026-07-12 12:00:00+02:00,971
loginCountZone,OWM Zona9,2026-07-11 14:00:00+02:00,247
loginCountZone,OWM Zona8,2026-07-11 14:00:00+02:00,260
loginCountZone,OWM Zona7,2026-07-11 14:00:00+02:00,118
loginCountZone,OWM Zona6,2026-07-11 14:00:00+02:00,141
loginCountZone,OWM Zona5,2026-07-11 14:00:00+02:00,204
loginCountZone,OWM Zona4,2026-07-11 14:00:00+02:00,217
loginCountZone,OWM Zona3,2026-07-11 14:00:00+02:00,577
loginCountZone,OWM Zona2,2026-07-11 14:00:00+02:00,375
loginCountZone,OWM Zona1,2026-07-11 14:00:00+02:00,911
loginCountZone,OWM Zona9,2026-07-10 16:00:00+02:00,172
loginCountZone,OWM Zona8,2026-07-10 16:00:00+02:00,201
loginCountZone,OWM Zona7,2026-07-10 16:00:00+02:00,99
loginCountZone,OWM Zona6,2026-07-10 16:00:00+02:00,102
loginCountZone,OWM Zona5,2026-07-10 16:00:00+02:00,125
loginCountZone,OWM Zona4,2026-07-10 16:00:00+02:00,316
loginCountZone,OWM Zona3,2026-07-10 16:00:00+02:00,506
loginCountZone,OWM Zona2,2026-07-10 16:00:00+02:00,288
loginCountZone,OWM Zona1,2026-07-10 16:00:00+02:00,937
loginCountZone,OWM Zona9,2026-07-09 18:00:00+02:00,181
loginCountZone,OWM Zona8,2026-07-09 18:00:00+02:00,254
loginCountZone,OWM Zona7,2026-07-09 18:00:00+02:00,135
loginCountZone,OWM Zona6,2026-07-09 18:00:00+02:00,160
loginCountZone,OWM Zona5,2026-07-09 18:00:00+02:00,168
loginCountZone,OWM Zona4,2026-07-09 18:00:00+02:00,364
loginCountZone,OWM Zona3,2026-07-09 18:00:00+02:00,548
loginCountZone,OWM Zona2,2026-07-09 18:00:00+02:00,319
loginCountZone,OWM Zona1,2026-07-09 18:00:00+02:00,990
loginCountZone,OWM Zona9,2026-07-08 20:00:00+02:00,219
loginCountZone,OWM Zona8,2026-07-08 20:00:00+02:00,254
loginCountZone,OWM Zona7,2026-07-08 20:00:00+02:00,111
loginCountZone,OWM Zona6,2026-07-08 20:00:00+02:00,210
loginCountZone,OWM Zona5,2026-07-08 20:00:00+02:00,198
loginCountZone,OWM Zona4,2026-07-08 20:00:00+02:00,219
loginCountZone,OWM Zona3,2026-07-08 20:00:00+02:00,586
loginCountZone,OWM Zona2,2026-07-08 20:00:00+02:00,329
loginCountZone,OWM Zona1,2026-07-08 20:00:00+02:00,877
loginCountZone,OWM Zona9,2026-07-07 22:00:00+02:00,220
loginCountZone,OWM Zona8,2026-07-07 22:00:00+02:00,290
loginCountZone,OWM Zona7,2026-07-07 22:00:00+02:00,151
loginCountZone,OWM Zona6,2026-07-07 22:00:00+02:00,182
loginCountZone,OWM Zona5,2026-07-07 22:00:00+02:00,253
loginCountZone,OWM Zona4,2026-07-07 22:00:00+02:00,346
loginCountZone,OWM Zona3,2026-07-07 22:00:00+02:00,618
loginCountZone,OWM Zona2,2026-07-07 22:00:00+02:00,365
loginCountZone,OWM Zona1,2026-07-07 22:00:00+02:00,979
loginCountZone,OWM Zona9,2026-07-07 00:00:00+02:00,185
loginCountZone,OWM Zona8,2026-07-07 00:00:00+02:00,227
loginCountZone,OWM Zona7,2026-07-07 00:00:00+02:00,132
loginCountZone,OWM Zona6,2026-07-07 00:00:00+02:00,173
loginCountZone,OWM Zona5,2026-07-07 00:00:00+02:00,194
loginCountZone,OWM Zona4,2026-07-07 00:00:00+02:00,322
loginCountZone,OWM Zona3,2026-07-07 00:00:00+02:00,536
loginCountZone,OWM Zona2,2026-07-07 00:00:00+02:00,284
loginCountZone,OWM Zona1,2026-07-07 00:00:00+02:00,878
loginCountZone,OWM Zona9,2026-07-06 02:00:00+02:00,233
loginCountZone,OWM Zona8,2026-07-06 02:00:00+02:00,267
loginCountZone,OWM Zona7,2026-07-06 02:00:00+02:00,103
loginCountZone,OWM Zona6,2026-07-06 02:00:00+02:00,197
loginCountZone,OWM Zona5,2026-07-06 02:00:00+02:00,248
loginCountZone,OWM Zona4,2026-07-06 02:00:00+02:00,297
loginCountZone,OWM Zona3,2026-07-06 02:00:00+02:00,594
loginCountZone,OWM Zona2,2026-07-06 02:00:00+02:00,346
loginCountZone,OWM Zona1,2026-07-06 02:00:00+02:00,807
loginCountZone,OWM Zona9,2026-07-05 04:00:00+02:00,184
loginCountZone,OWM Zona8,2026-07-05 04:00:00+02:00,294
loginCountZone,OWM Zona7,2026-07-05 04:00:00+02:00,120
loginCountZone,OWM Zona6,2026-07-05 04:00:00+02:00,198
loginCountZone,OWM Zona5,2026-07-05 04:00:00+02:00,206
loginCountZone,OWM Zona4,2026-07-05 04:00:00+02:00,289
loginCountZone,OWM Zona3,2026-07-05 04:00:00+02:00,468
loginCountZone,OWM Zona2,2026-07-05 04:00:00+02:00,294
loginCountZone,OWM Zona1,2026-07-05 04:00:00+02:00,694
loginCountZone,OWM Zona9,2026-07-04 06:00:00+02:00,147
loginCountZone,OWM Zona8,2026-07-04 06:00:00+02:00,197
loginCountZone,OWM Zona7,2026-07-04 06:00:00+02:00,71
loginCountZone,OWM Zona6,2026-07-04 06:00:00+02:00,129
loginCountZone,OWM Zona5,2026-07-04 06:00:00+02:00,146
loginCountZone,OWM Zona4,2026-07-04 06:00:00+02:00,228
loginCountZone,OWM Zona3,2026-07-04 06:00:00+02:00,402
loginCountZone,OWM Zona2,2026-07-04 06:00:00+02:00,268
loginCountZone,OWM Zona1,2026-07-04 06:00:00+02:00,630
loginCountZone,OWM Zona9,2026-07-03 08:00:00+02:00,186
loginCountZone,OWM Zona8,2026-07-03 08:00:00+02:00,265
loginCountZone,OWM Zona7,2026-07-03 08:00:00+02:00,136
loginCountZone,OWM Zona6,2026-07-03 08:00:00+02:00,163
loginCountZone,OWM Zona5,2026-07-03 08:00:00+02:00,194
loginCountZone,OWM Zona4,2026-07-03 08:00:00+02:00,222
loginCountZone,OWM Zona3,2026-07-03 08:00:00+02:00,517
loginCountZone,OWM Zona2,2026-07-03 08:00:00+02:00,285
loginCountZone,OWM Zona1,2026-07-03 08:00:00+02:00,786
loginCountZone,OWM Zona9,2026-07-02 10:00:00+02:00,230
loginCountZone,OWM Zona8,2026-07-02 10:00:00+02:00,268
loginCountZone,OWM Zona7,2026-07-02 10:00:00+02:00,109
loginCountZone,OWM Zona6,2026-07-02 10:00:00+02:00,156
loginCountZone,OWM Zona5,2026-07-02 10:00:00+02:00,205
loginCountZone,OWM Zona4,2026-07-02 10:00:00+02:00,247
loginCountZone,OWM Zona3,2026-07-02 10:00:00+02:00,533
loginCountZone,OWM Zona2,2026-07-02 10:00:00+02:00,307
loginCountZone,OWM Zona1,2026-07-02 10:00:00+02:00,753
loginCountZone,OWM Zona9,2026-07-01 12:00:00+02:00,248
loginCountZone,OWM Zona8,2026-07-01 12:00:00+02:00,276
loginCountZone,OWM Zona7,2026-07-01 12:00:00+02:00,138
loginCountZone,OWM Zona6,2026-07-01 12:00:00+02:00,186
loginCountZone,OWM Zona5,2026-07-01 12:00:00+02:00,218
loginCountZone,OWM Zona4,2026-07-01 12:00:00+02:00,243
loginCountZone,OWM Zona3,2026-07-01 12:00:00+02:00,530
loginCountZone,OWM Zona2,2026-07-01 12:00:00+02:00,361
loginCountZone,OWM Zona1,2026-07-01 12:00:00+02:00,769
loginCountZone,OWM Zona9,2026-06-30 14:00:00+02:00,253
loginCountZone,OWM Zona8,2026-06-30 14:00:00+02:00,286
loginCountZone,OWM Zona7,2026-06-30 14:00:00+02:00,131
loginCountZone,OWM Zona6,2026-06-30 14:00:00+02:00,160
loginCountZone,OWM Zona5,2026-06-30 14:00:00+02:00,248
loginCountZone,OWM Zona4,2026-06-30 14:00:00+02:00,292
loginCountZone,OWM Zona3,2026-06-30 14:00:00+02:00,559
loginCountZone,OWM Zona2,2026-06-30 14:00:00+02:00,370
loginCountZone,OWM Zona1,2026-06-30 14:00:00+02:00,755
loginCountZone,OWM Zona9,2026-06-29 16:00:00+02:00,262
loginCountZone,OWM Zona8,2026-06-29 16:00:00+02:00,296
loginCountZone,OWM Zona7,2026-06-29 16:00:00+02:00,136
loginCountZone,OWM Zona6,2026-06-29 16:00:00+02:00,147
loginCountZone,OWM Zona5,2026-06-29 16:00:00+02:00,230
loginCountZone,OWM Zona4,2026-06-29 16:00:00+02:00,273
loginCountZone,OWM Zona3,2026-06-29 16:00:00+02:00,489
loginCountZone,OWM Zona2,2026-06-29 16:00:00+02:00,330
loginCountZone,OWM Zona1,2026-06-29 16:00:00+02:00,771
loginCountZone,OWM Zona9,2026-06-27 22:00:00+02:00,202
loginCountZone,OWM Zona8,2026-06-27 22:00:00+02:00,232
loginCountZone,OWM Zona7,2026-06-27 22:00:00+02:00,68
loginCountZone,OWM Zona6,2026-06-27 22:00:00+02:00,125
loginCountZone,OWM Zona5,2026-06-27 22:00:00+02:00,220
loginCountZone,OWM Zona4,2026-06-27 22:00:00+02:00,259
loginCountZone,OWM Zona3,2026-06-27 22:00:00+02:00,400
loginCountZone,OWM Zona2,2026-06-27 22:00:00+02:00,269
loginCountZone,OWM Zona1,2026-06-27 22:00:00+02:00,764
loginCountZone,OWM Zona9,2026-06-27 00:00:00+02:00,220
loginCountZone,OWM Zona8,2026-06-27 00:00:00+02:00,298
loginCountZone,OWM Zona7,2026-06-27 00:00:00+02:00,93
loginCountZone,OWM Zona6,2026-06-27 00:00:00+02:00,119
loginCountZone,OWM Zona5,2026-06-27 00:00:00+02:00,242
loginCountZone,OWM Zona4,2026-06-27 00:00:00+02:00,283
loginCountZone,OWM Zona3,2026-06-27 00:00:00+02:00,499
loginCountZone,OWM Zona2,2026-06-27 00:00:00+02:00,335
loginCountZone,OWM Zona1,2026-06-27 00:00:00+02:00,899
loginCountZone,OWM Zona9,2026-06-26 02:00:00+02:00,311
loginCountZone,OWM Zona8,2026-06-26 02:00:00+02:00,259
loginCountZone,OWM Zona7,2026-06-26 02:00:00+02:00,120
loginCountZone,OWM Zona6,2026-06-26 02:00:00+02:00,161
loginCountZone,OWM Zona5,2026-06-26 02:00:00+02:00,245
loginCountZone,OWM Zona4,2026-06-26 02:00:00+02:00,254
loginCountZone,OWM Zona3,2026-06-26 02:00:00+02:00,549
loginCountZone,OWM Zona2,2026-06-26 02:00:00+02:00,406
loginCountZone,OWM Zona1,2026-06-26 02:00:00+02:00,890
loginCountZone,OWM Zona9,2026-06-25 04:00:00+02:00,327
loginCountZone,OWM Zona8,2026-06-25 04:00:00+02:00,316
loginCountZone,OWM Zona7,2026-06-25 04:00:00+02:00,158
loginCountZone,OWM Zona6,2026-06-25 04:00:00+02:00,193
loginCountZone,OWM Zona5,2026-06-25 04:00:00+02:00,252
loginCountZone,OWM Zona4,2026-06-25 04:00:00+02:00,312
loginCountZone,OWM Zona3,2026-06-25 04:00:00+02:00,616
loginCountZone,OWM Zona2,2026-06-25 04:00:00+02:00,448
loginCountZone,OWM Zona1,2026-06-25 04:00:00+02:00,940
loginCountZone,OWM Zona9,2026-06-24 06:00:00+02:00,357
loginCountZone,OWM Zona8,2026-06-24 06:00:00+02:00,284
loginCountZone,OWM Zona7,2026-06-24 06:00:00+02:00,140
loginCountZone,OWM Zona6,2026-06-24 06:00:00+02:00,177
loginCountZone,OWM Zona5,2026-06-24 06:00:00+02:00,260
loginCountZone,OWM Zona4,2026-06-24 06:00:00+02:00,291
loginCountZone,OWM Zona3,2026-06-24 06:00:00+02:00,639
loginCountZone,OWM Zona2,2026-06-24 06:00:00+02:00,376
loginCountZone,OWM Zona1,2026-06-24 06:00:00+02:00,943
loginCountZone,OWM Zona9,2026-06-23 08:00:00+02:00,333
loginCountZone,OWM Zona8,2026-06-23 08:00:00+02:00,318
loginCountZone,OWM Zona7,2026-06-23 08:00:00+02:00,123
loginCountZone,OWM Zona6,2026-06-23 08:00:00+02:00,153
loginCountZone,OWM Zona5,2026-06-23 08:00:00+02:00,261
loginCountZone,OWM Zona4,2026-06-23 08:00:00+02:00,272
loginCountZone,OWM Zona3,2026-06-23 08:00:00+02:00,605
loginCountZone,OWM Zona2,2026-06-23 08:00:00+02:00,379
loginCountZone,OWM Zona1,2026-06-23 08:00:00+02:00,920
loginCountZone,OWM Zona9,2026-06-22 10:00:00+02:00,295
loginCountZone,OWM Zona8,2026-06-22 10:00:00+02:00,304
loginCountZone,OWM Zona7,2026-06-22 10:00:00+02:00,144
loginCountZone,OWM Zona6,2026-06-22 10:00:00+02:00,160
loginCountZone,OWM Zona5,2026-06-22 10:00:00+02:00,235
loginCountZone,OWM Zona4,2026-06-22 10:00:00+02:00,361
loginCountZone,OWM Zona3,2026-06-22 10:00:00+02:00,548
loginCountZone,OWM Zona2,2026-06-22 10:00:00+02:00,346
loginCountZone,OWM Zona1,2026-06-22 10:00:00+02:00,767
loginCountZone,OWM Zona9,2026-06-21 12:00:00+02:00,208
loginCountZone,OWM Zona8,2026-06-21 12:00:00+02:00,271
loginCountZone,OWM Zona7,2026-06-21 12:00:00+02:00,107
loginCountZone,OWM Zona6,2026-06-21 12:00:00+02:00,129
loginCountZone,OWM Zona5,2026-06-21 12:00:00+02:00,213
loginCountZone,OWM Zona4,2026-06-21 12:00:00+02:00,287
loginCountZone,OWM Zona3,2026-06-21 12:00:00+02:00,561
loginCountZone,OWM Zona2,2026-06-21 12:00:00+02:00,284
loginCountZone,OWM Zona1,2026-06-21 12:00:00+02:00,829
loginCountZone,OWM Zona9,2026-06-20 14:00:00+02:00,253
loginCountZone,OWM Zona8,2026-06-20 14:00:00+02:00,327
loginCountZone,OWM Zona7,2026-06-20 14:00:00+02:00,137
loginCountZone,OWM Zona6,2026-06-20 14:00:00+02:00,160
loginCountZone,OWM Zona5,2026-06-20 14:00:00+02:00,226
loginCountZone,OWM Zona4,2026-06-20 14:00:00+02:00,324
loginCountZone,OWM Zona3,2026-06-20 14:00:00+02:00,631
loginCountZone,OWM Zona2,2026-06-20 14:00:00+02:00,335
loginCountZone,OWM Zona1,2026-06-20 14:00:00+02:00,1018
loginCountZone,OWM Zona9,2026-06-19 00:00:00+02:00,325
loginCountZone,OWM Zona8,2026-06-19 00:00:00+02:00,339
loginCountZone,OWM Zona7,2026-06-19 00:00:00+02:00,149
loginCountZone,OWM Zona6,2026-06-19 00:00:00+02:00,194
loginCountZone,OWM Zona5,2026-06-19 00:00:00+02:00,276
loginCountZone,OWM Zona4,2026-06-19 00:00:00+02:00,334
loginCountZone,OWM Zona3,2026-06-19 00:00:00+02:00,717
loginCountZone,OWM Zona2,2026-06-19 00:00:00+02:00,385
loginCountZone,OWM Zona1,2026-06-19 00:00:00+02:00,822
loginCountZone,OWM Zona9,2026-06-18 02:00:00+02:00,286
loginCountZone,OWM Zona8,2026-06-18 02:00:00+02:00,320
loginCountZone,OWM Zona7,2026-06-18 02:00:00+02:00,171
loginCountZone,OWM Zona6,2026-06-18 02:00:00+02:00,174
loginCountZone,OWM Zona5,2026-06-18 02:00:00+02:00,270
loginCountZone,OWM Zona4,2026-06-18 02:00:00+02:00,282
loginCountZone,OWM Zona3,2026-06-18 02:00:00+02:00,541
loginCountZone,OWM Zona2,2026-06-18 02:00:00+02:00,392
loginCountZone,OWM Zona1,2026-06-18 02:00:00+02:00,799
loginCountZone,OWM Zona9,2026-06-17 04:00:00+02:00,297
loginCountZone,OWM Zona8,2026-06-17 04:00:00+02:00,345
loginCountZone,OWM Zona7,2026-06-17 04:00:00+02:00,156
loginCountZone,OWM Zona6,2026-06-17 04:00:00+02:00,191
loginCountZone,OWM Zona5,2026-06-17 04:00:00+02:00,249
loginCountZone,OWM Zona4,2026-06-17 04:00:00+02:00,295
loginCountZone,OWM Zona3,2026-06-17 04:00:00+02:00,621
loginCountZone,OWM Zona2,2026-06-17 04:00:00+02:00,380
loginCountZone,OWM Zona1,2026-06-17 04:00:00+02:00,803
loginCountZone,OWM Zona9,2026-06-16 06:00:00+02:00,308
loginCountZone,OWM Zona8,2026-06-16 06:00:00+02:00,346
loginCountZone,OWM Zona7,2026-06-16 06:00:00+02:00,161
loginCountZone,OWM Zona6,2026-06-16 06:00:00+02:00,216
loginCountZone,OWM Zona5,2026-06-16 06:00:00+02:00,257
loginCountZone,OWM Zona4,2026-06-16 06:00:00+02:00,293
loginCountZone,OWM Zona3,2026-06-16 06:00:00+02:00,587
loginCountZone,OWM Zona2,2026-06-16 06:00:00+02:00,399
loginCountZone,OWM Zona1,2026-06-16 06:00:00+02:00,831
loginCountZone,OWM Zona9,2026-06-15 08:00:00+02:00,226
loginCountZone,OWM Zona8,2026-06-15 08:00:00+02:00,264
loginCountZone,OWM Zona7,2026-06-15 08:00:00+02:00,106
loginCountZone,OWM Zona6,2026-06-15 08:00:00+02:00,152
loginCountZone,OWM Zona5,2026-06-15 08:00:00+02:00,185
loginCountZone,OWM Zona4,2026-06-15 08:00:00+02:00,261
loginCountZone,OWM Zona3,2026-06-15 08:00:00+02:00,451
loginCountZone,OWM Zona2,2026-06-15 08:00:00+02:00,331
loginCountZone,OWM Zona1,2026-06-15 08:00:00+02:00,774
loginCountZone,OWM Zona9,2026-06-14 10:00:00+02:00,345
loginCountZone,OWM Zona8,2026-06-14 10:00:00+02:00,334
loginCountZone,OWM Zona7,2026-06-14 10:00:00+02:00,151
loginCountZone,OWM Zona6,2026-06-14 10:00:00+02:00,148
loginCountZone,OWM Zona5,2026-06-14 10:00:00+02:00,207
loginCountZone,OWM Zona4,2026-06-14 10:00:00+02:00,382
loginCountZone,OWM Zona3,2026-06-14 10:00:00+02:00,574
loginCountZone,OWM Zona2,2026-06-14 10:00:00+02:00,324
loginCountZone,OWM Zona1,2026-06-14 10:00:00+02:00,1133
loginCountZone,OWM Zona9,2026-06-13 12:00:00+02:00,354
loginCountZone,OWM Zona8,2026-06-13 12:00:00+02:00,341
loginCountZone,OWM Zona7,2026-06-13 12:00:00+02:00,139
loginCountZone,OWM Zona6,2026-06-13 12:00:00+02:00,207
loginCountZone,OWM Zona5,2026-06-13 12:00:00+02:00,231
loginCountZone,OWM Zona4,2026-06-13 12:00:00+02:00,321
loginCountZone,OWM Zona3,2026-06-13 12:00:00+02:00,680
loginCountZone,OWM Zona2,2026-06-13 12:00:00+02:00,402
loginCountZone,OWM Zona1,2026-06-13 12:00:00+02:00,1149
loginCountZone,OWM Zona9,2026-06-12 14:00:00+02:00,314
loginCountZone,OWM Zona8,2026-06-12 14:00:00+02:00,350
loginCountZone,OWM Zona7,2026-06-12 14:00:00+02:00,169
loginCountZone,OWM Zona6,2026-06-12 14:00:00+02:00,181
loginCountZone,OWM Zona5,2026-06-12 14:00:00+02:00,235
loginCountZone,OWM Zona4,2026-06-12 14:00:00+02:00,276
loginCountZone,OWM Zona3,2026-06-12 14:00:00+02:00,679
loginCountZone,OWM Zona2,2026-06-12 14:00:00+02:00,367
loginCountZone,OWM Zona1,2026-06-12 14:00:00+02:00,1023
loginCountZone,OWM Zona9,2026-06-11 16:00:00+02:00,318
loginCountZone,OWM Zona8,2026-06-11 16:00:00+02:00,373
loginCountZone,OWM Zona7,2026-06-11 16:00:00+02:00,141
loginCountZone,OWM Zona6,2026-06-11 16:00:00+02:00,185
loginCountZone,OWM Zona5,2026-06-11 16:00:00+02:00,236
loginCountZone,OWM Zona4,2026-06-11 16:00:00+02:00,303
loginCountZone,OWM Zona3,2026-06-11 16:00:00+02:00,604
loginCountZone,OWM Zona2,2026-06-11 16:00:00+02:00,378
loginCountZone,OWM Zona1,2026-06-11 16:00:00+02:00,981
loginCountZone,OWM Zona9,2026-06-10 18:00:00+02:00,137
loginCountZone,OWM Zona8,2026-06-10 18:00:00+02:00,147
loginCountZone,OWM Zona7,2026-06-10 18:00:00+02:00,38
loginCountZone,OWM Zona6,2026-06-10 18:00:00+02:00,95
loginCountZone,OWM Zona5,2026-06-10 18:00:00+02:00,101
loginCountZone,OWM Zona4,2026-06-10 18:00:00+02:00,247
loginCountZone,OWM Zona3,2026-06-10 18:00:00+02:00,282
loginCountZone,OWM Zona2,2026-06-10 18:00:00+02:00,185
loginCountZone,OWM Zona1,2026-06-10 18:00:00+02:00,491
loginCountZone,OWM Zona9,2026-06-09 20:00:00+02:00,270
loginCountZone,OWM Zona8,2026-06-09 20:00:00+02:00,281
loginCountZone,OWM Zona7,2026-06-09 20:00:00+02:00,103
loginCountZone,OWM Zona6,2026-06-09 20:00:00+02:00,137
loginCountZone,OWM Zona5,2026-06-09 20:00:00+02:00,168
loginCountZone,OWM Zona4,2026-06-09 20:00:00+02:00,282
loginCountZone,OWM Zona3,2026-06-09 20:00:00+02:00,517
loginCountZone,OWM Zona2,2026-06-09 20:00:00+02:00,270
loginCountZone,OWM Zona1,2026-06-09 20:00:00+02:00,868
loginCountZone,OWM Zona9,2026-06-08 22:00:00+02:00,228
loginCountZone,OWM Zona8,2026-06-08 22:00:00+02:00,241
loginCountZone,OWM Zona7,2026-06-08 22:00:00+02:00,92
loginCountZone,OWM Zona6,2026-06-08 22:00:00+02:00,156
loginCountZone,OWM Zona5,2026-06-08 22:00:00+02:00,141
loginCountZone,OWM Zona4,2026-06-08 22:00:00+02:00,274
loginCountZone,OWM Zona3,2026-06-08 22:00:00+02:00,445
loginCountZone,OWM Zona2,2026-06-08 22:00:00+02:00,292
loginCountZone,OWM Zona1,2026-06-08 22:00:00+02:00,976
loginCountZone,OWM Zona9,2026-06-08 00:00:00+02:00,254
loginCountZone,OWM Zona8,2026-06-08 00:00:00+02:00,303
loginCountZone,OWM Zona7,2026-06-08 00:00:00+02:00,113
loginCountZone,OWM Zona6,2026-06-08 00:00:00+02:00,147
loginCountZone,OWM Zona5,2026-06-08 00:00:00+02:00,234
loginCountZone,OWM Zona4,2026-06-08 00:00:00+02:00,278
loginCountZone,OWM Zona3,2026-06-08 00:00:00+02:00,579
loginCountZone,OWM Zona2,2026-06-08 00:00:00+02:00,283
loginCountZone,OWM Zona1,2026-06-08 00:00:00+02:00,1086
loginCountZone,OWM Zona9,2026-06-07 02:00:00+02:00,307
loginCountZone,OWM Zona8,2026-06-07 02:00:00+02:00,352
loginCountZone,OWM Zona7,2026-06-07 02:00:00+02:00,132
loginCountZone,OWM Zona6,2026-06-07 02:00:00+02:00,188
loginCountZone,OWM Zona5,2026-06-07 02:00:00+02:00,260
loginCountZone,OWM Zona4,2026-06-07 02:00:00+02:00,372
loginCountZone,OWM Zona3,2026-06-07 02:00:00+02:00,611
loginCountZone,OWM Zona2,2026-06-07 02:00:00+02:00,368
loginCountZone,OWM Zona1,2026-06-07 02:00:00+02:00,1136
loginCountZone,OWM Zona9,2026-06-06 04:00:00+02:00,317
loginCountZone,OWM Zona8,2026-06-06 04:00:00+02:00,314
loginCountZone,OWM Zona7,2026-06-06 04:00:00+02:00,134
loginCountZone,OWM Zona6,2026-06-06 04:00:00+02:00,176
loginCountZone,OWM Zona5,2026-06-06 04:00:00+02:00,243
loginCountZone,OWM Zona4,2026-06-06 04:00:00+02:00,276
loginCountZone,OWM Zona3,2026-06-06 04:00:00+02:00,587
loginCountZone,OWM Zona2,2026-06-06 04:00:00+02:00,302
loginCountZone,OWM Zona1,2026-06-06 04:00:00+02:00,942
loginCountZone,OWM Zona9,2026-06-05 06:00:00+02:00,314
loginCountZone,OWM Zona8,2026-06-05 06:00:00+02:00,371
loginCountZone,OWM Zona7,2026-06-05 06:00:00+02:00,135
loginCountZone,OWM Zona6,2026-06-05 06:00:00+02:00,201
loginCountZone,OWM Zona5,2026-06-05 06:00:00+02:00,238
loginCountZone,OWM Zona4,2026-06-05 06:00:00+02:00,335
loginCountZone,OWM Zona3,2026-06-05 06:00:00+02:00,614
loginCountZone,OWM Zona2,2026-06-05 06:00:00+02:00,367
loginCountZone,OWM Zona1,2026-06-05 06:00:00+02:00,1004
loginCountZone,OWM Zona9,2026-06-04 08:00:00+02:00,323
